input_data_labelled\2021_02_19_Sld1107_SigRamp3p689_SigSde3p910_Kappa0p029708_N1_StressStrainCurve.csv,0
alpha,0.3091614167352464
beta,77.5258373890929
