2021_02_19_Sld1147_SigRamp2p660_SigSde2p621_Kappa0p029794_N1_StressStrainCurve.csv,0
alpha,0.3010962484564948
beta,102.39057536257522
