2021_02_19_Sld1173_SigRamp2p392_SigSde4p868_Kappa0p028165_N1_StressStrainCurve.csv,0
alpha,0.31171498456972085
beta,80.4146677496926
