2021_02_05_Sld1109_SigRamp1p350_SigSde4p116_Kappa0p029540_N1_StressStrainCurve.csv,0
alpha,0.24214118430157527
beta,131.51756527624187
